SV_ACNT_NUM,MVNO_CO_CD,INV_YYMM,MAIN_PROD_NM,INV_DATA_AMT,INV_MSG_AMT,INV_ETC_AMT,INV_TOTAL_AMT,COMM_INFRA_USER_AMT,3G_USE_AMT,RS_USE_AMT,STL_AMT
1,M00035,201712,(SKTL)3G USIM Only,1000,1000,35000,37000,1200,14800,0,16000
2,M00035,201712,(SKTL)3G USIM Only,1000,1000,35000,37000,1200,14800,0,16000
3,M00035,201712,(SKTL)3G USIM Only,1000,1000,35000,37000,1200,14800,0,16000
4,M00035,201712,(SKTL)3G USIM Only,1000,1000,35000,37000,1200,14800,0,16000
5,M00035,201712,(SKTL)3G USIM Only,1000,1000,35000,37000,1200,14800,0,16000
6,M00035,201712,(SKTL)3G USIM Only,1000,1000,35000,37000,1200,14800,0,16000
7,M00035,201712,(SKTL)3G USIM Only,1000,1000,35000,37000,1200,14800,0,16000
8,M00035,201712,(SKTL)3G USIM Only,1000,1000,35000,37000,1200,14800,0,16000
9,M00035,201712,(SKTL)3G USIM Only,1000,1000,35000,37000,1200,14800,0,16000
10,M00035,201712,(SKTL)3G USIM Only,1000,1000,35000,37000,1200,14800,0,16000
11,M00035,201712,(SKTL)3G USIM Only,1000,1000,35000,37000,1200,14800,0,16000
12,M00035,201712,(SKTL)3G USIM Only,1000,1000,35000,37000,1200,14800,0,16000
13,M00035,201712,(SKTL)3G USIM Only,1000,1000,35000,37000,1200,14800,0,16000
14,M00035,201712,(SKTL)LTE Band Data,0,0,65000,65000,1200,0,39000,40200
15,M00035,201712,(SKTL)LTE Band Data,0,0,65000,65000,1200,0,39000,40200
16,M00035,201712,(SKTL)LTE Band Data,0,0,65000,65000,1200,0,39000,40200
17,M00035,201712,(SKTL)LTE Band Data,0,0,65000,65000,1200,0,39000,40200
18,M00035,201712,(SKTL)LTE Band Data,0,0,65000,65000,1200,0,39000,40200
19,M00035,201712,(SKTL)LTE Band Data,0,0,65000,65000,1200,0,39000,40200
20,M00035,201712,(SKTL)LTE Band Data,0,0,65000,65000,1200,0,39000,40200
21,M00035,201712,(SKTL)LTE Band Data,0,0,65000,65000,1200,0,39000,40200
22,M00035,201712,(SKTL)LTE Band Data,0,0,65000,65000,1200,0,39000,40200
23,M00035,201712,(SKTL)LTE Band Data,0,0,65000,65000,1200,0,39000,40200
24,M00035,201712,(SKTL)LTE Band Data,0,0,65000,65000,1200,0,39000,40200
25,M00035,201712,(SKTL)LTE Band Data,0,0,65000,65000,1200,0,39000,40200
26,M00035,201712,(SKTL)LTE Band Data,0,0,65000,65000,1200,0,39000,40200
27,M00035,201712,(SKTL)LTE Band Data,0,0,65000,65000,1200,0,39000,40200
28,M00035,201712,(SKTL)LTE Band Data,0,0,65000,65000,1200,0,39000,40200
29,M00035,201712,(SKTL)LTE Band Data,0,0,65000,65000,1200,0,39000,40200
30,M00035,201712,(SKTL)LTE Band Data,0,0,65000,65000,1200,0,39000,40200
31,M00035,201712,(SKTL)LTE Band Data,0,0,65000,65000,1200,0,39000,40200
32,M00035,201712,(SKTL)LTE Band Data,0,0,65000,65000,1200,0,39000,40200
33,M00035,201712,(SKTL)LTE Band Data,0,0,65000,65000,1200,0,39000,40200
34,M00035,201712,(SKTL)LTE Band Data,0,0,65000,65000,1200,0,39000,40200
35,M00035,201712,(SKTL)LTE Band Data,0,0,65000,65000,1200,0,39000,40200
36,M00035,201712,(SKTL)LTE Band Data,0,0,65000,65000,1200,0,39000,40200
37,M00035,201712,(SKTL)LTE Band Data,0,0,65000,65000,1200,0,39000,40200
38,M00035,201712,(SKTL)LTE Band Data,0,0,65000,65000,1200,0,39000,40200
39,M00035,201712,(SKTL)LTE Band Data,0,0,65000,65000,1200,0,39000,40200
40,M00035,201712,(SKTL)LTE Band Data,0,0,65000,65000,1200,0,39000,40200
41,M00035,201712,(SKTL)LTE Band Data,0,0,65000,65000,1200,0,39000,40200
42,M00035,201712,(SKTL)LTE Band Data,0,0,65000,65000,1200,0,39000,40200
43,M00035,201712,(SKTL)LTE Band Data,0,0,65000,65000,1200,0,39000,40200
44,M00035,201712,(SKTL)LTE Band Data,0,0,65000,65000,1200,0,39000,40200
45,M00035,201712,(SKTL)LTE Band Data,0,0,65000,65000,1200,0,39000,40200
46,M00035,201712,(SKTL)LTE Band Data,0,0,65000,65000,1200,0,39000,40200
47,M00035,201712,(SKTL)LTE Band Data,0,0,65000,65000,1200,0,39000,40200
48,M00035,201712,(SKTL)LTE Band Data,0,0,65000,65000,1200,0,39000,40200
49,M00035,201712,(SKTL)LTE Band Data,0,0,65000,65000,1200,0,39000,40200
50,M00035,201712,(SKTL)LTE Band Data,0,0,65000,65000,1200,0,39000,40200
51,M00035,201712,(SKTL)LTE Band Data,0,0,65000,65000,1200,0,39000,40200
52,M00035,201712,(SKTL)LTE Band Data,0,0,65000,65000,1200,0,39000,40200
53,M00035,201712,(SKTL)LTE Band Data,0,0,65000,65000,1200,0,39000,40200
54,M00035,201712,(SKTL)LTE Band Data,0,0,65000,65000,1200,0,39000,40200
55,M00035,201712,(SKTL)LTE Band Data,0,0,65000,65000,1200,0,39000,40200
56,M00035,201712,(SKTL)LTE Band Data,0,0,65000,65000,1200,0,39000,40200
57,M00035,201712,(SKTL)LTE Band Data,0,0,65000,65000,1200,0,39000,40200
58,M00035,201712,(SKTL)LTE Band Data,0,0,65000,65000,1200,0,39000,40200
59,M00035,201712,(SKTL)LTE Band Data,0,0,65000,65000,1200,0,39000,40200
60,M00035,201712,(SKTL)LTE Band Data,0,0,65000,65000,1200,0,39000,40200
61,M00035,201712,(SKTL)LTE Band Data,0,0,65000,65000,1200,0,39000,40200
62,M00035,201712,(SKTL)LTE Band Data,0,0,65000,65000,1200,0,39000,40200
63,M00035,201712,(SKTL)LTE Band Data,0,0,65000,65000,1200,0,39000,40200
64,M00035,201712,(SKTL)Basic,30000,500,3500,34000,1200,13600,0,14800
65,M00035,201712,(SKTL)Basic,30000,500,3500,34000,1200,13600,0,14800
66,M00035,201712,(SKTL)Basic,30000,500,3500,34000,1200,13600,0,14800
67,M00035,201712,(SKTL)Basic,30000,500,3500,34000,1200,13600,0,14800
68,M00035,201712,(SKTL)Basic,30000,500,3500,34000,1200,13600,0,14800
69,M00035,201712,(SKTL)Basic,30000,500,3500,34000,1200,13600,0,14800
70,M00035,201712,(SKTL)Basic,30000,500,3500,34000,1200,13600,0,14800
71,M00035,201712,(SKTL)Basic,30000,500,3500,34000,1200,13600,0,14800
72,M00035,201712,(SKTL)Basic,30000,500,3500,34000,1200,13600,0,14800
73,M00035,201712,(SKTL)Basic,30000,500,3500,34000,1200,13600,0,14800
74,M00035,201712,(SKTL)Basic,30000,500,3500,34000,1200,13600,0,14800
75,M00035,201712,(SKTL)Basic,30000,500,3500,34000,1200,13600,0,14800
76,M00035,201712,(SKTL)Basic,30000,500,3500,34000,1200,13600,0,14800
77,M00035,201712,(SKTL)Basic,30000,500,3500,34000,1200,13600,0,14800
78,M00035,201712,(SKTL)Basic,30000,500,3500,34000,1200,13600,0,14800
79,M00035,201712,(SKTL)Basic,30000,500,3500,34000,1200,13600,0,14800
80,M00035,201712,(SKTL)Basic,30000,500,3500,34000,1200,13600,0,14800
81,M00035,201712,(SKTL)Basic,30000,500,3500,34000,1200,13600,0,14800
82,M00035,201712,(SKTL)Basic,30000,500,3500,34000,1200,13600,0,14800
83,M00035,201712,(SKTL)Basic,30000,500,3500,34000,1200,13600,0,14800
84,M00035,201712,(SKTL)Basic,30000,500,3500,34000,1200,13600,0,14800
85,M00035,201712,(SKTL)Basic,30000,500,3500,34000,1200,13600,0,14800
86,M00035,201712,(SKTL)Basic,30000,500,3500,34000,1200,13600,0,14800
87,M00035,201712,(SKTL)Basic,30000,500,3500,34000,1200,13600,0,14800
88,M00035,201712,(SKTL)Basic,30000,500,3500,34000,1200,13600,0,14800
89,M00035,201712,(SKTL)Basic,30000,500,3500,34000,1200,13600,0,14800
90,M00035,201712,(SKTL)Basic,30000,500,3500,34000,1200,13600,0,14800
91,M00035,201712,(SKTL)Basic,30000,500,3500,34000,1200,13600,0,14800
92,M00035,201712,(SKTL)Basic,30000,500,3500,34000,1200,13600,0,14800
93,M00035,201712,(SKTL)Basic,30000,500,3500,34000,1200,13600,0,14800
94,M00035,201712,(SKTL)Basic,30000,500,3500,34000,1200,13600,0,14800
95,M00035,201712,(SKTL)Basic,30000,500,3500,34000,1200,13600,0,14800
96,M00035,201712,(SKTL)Basic,30000,500,3500,34000,1200,13600,0,14800
97,M00035,201712,(SKTL)Basic,30000,500,3500,34000,1200,13600,0,14800
98,M00035,201712,(SKTL)Basic,30000,500,3500,34000,1200,13600,0,14800
99,M00035,201712,(SKTL)Basic,30000,500,3500,34000,1200,13600,0,14800
100,M00035,201712,(SKTL)Basic,30000,500,3500,34000,1200,13600,0,14800
151,M00165,201712,(SONE)3G USIM Only,1000,1000,35000,37000,1200,14800,0,16000
152,M00165,201712,(SONE)3G USIM Only,1000,1000,35000,37000,1200,14800,0,16000
153,M00165,201712,(SONE)3G USIM Only,1000,1000,35000,37000,1200,14800,0,16000
154,M00165,201712,(SONE)3G USIM Only,1000,1000,35000,37000,1200,14800,0,16000
155,M00165,201712,(SONE)3G USIM Only,1000,1000,35000,37000,1200,14800,0,16000
156,M00165,201712,(SONE)3G USIM Only,1000,1000,35000,37000,1200,14800,0,16000
157,M00165,201712,(SONE)3G USIM Only,1000,1000,35000,37000,1200,14800,0,16000
158,M00165,201712,(SONE)Basic,30000,500,1000,31500,1200,12600,0,13800
159,M00165,201712,(SONE)Basic,30000,500,1000,31500,1200,12600,0,13800
160,M00165,201712,(SONE)Basic,30000,500,1000,31500,1200,12600,0,13800
161,M00165,201712,(SONE)Basic,30000,500,1000,31500,1200,12600,0,13800
162,M00165,201712,(SONE)Basic,30000,500,1000,31500,1200,12600,0,13800
163,M00165,201712,(SONE)Basic,30000,500,1000,31500,1200,12600,0,13800
164,M00165,201712,(SONE)Basic,30000,500,1000,31500,1200,12600,0,13800
165,M00165,201712,(SONE)Basic,30000,500,1000,31500,1200,12600,0,13800
166,M00165,201712,(SONE)Basic,30000,500,1000,31500,1200,12600,0,13800
167,M00165,201712,(SONE)Basic,30000,500,1000,31500,1200,12600,0,13800
168,M00165,201712,(SONE)Basic,30000,500,1000,31500,1200,12600,0,13800
169,M00165,201712,(SONE)Basic,30000,500,1000,31500,1200,12600,0,13800
170,M00165,201712,(SONE)Basic,30000,500,1000,31500,1200,12600,0,13800
171,M00165,201712,(SONE)Basic,30000,500,1000,31500,1200,12600,0,13800
172,M00165,201712,(SONE)Basic,30000,500,1000,31500,1200,12600,0,13800
173,M00165,201712,(SONE)LTE Band Data,0,0,65000,65000,1200,0,39000,40200
174,M00165,201712,(SONE)LTE Band Data,0,0,65000,65000,1200,0,39000,40200
175,M00165,201712,(SONE)LTE Band Data,0,0,65000,65000,1200,0,39000,40200
176,M00165,201712,(SONE)3G USIM Only,1000,1000,35000,37000,1200,14800,0,16000
177,M00165,201712,(SONE)3G USIM Only,1000,1000,35000,37000,1200,14800,0,16000
178,M00165,201712,(SONE)3G USIM Only,1000,1000,35000,37000,1200,14800,0,16000
179,M00165,201712,(SONE)3G USIM Only,1000,1000,35000,37000,1200,14800,0,16000
180,M00165,201712,(SONE)3G USIM Only,1000,1000,35000,37000,1200,14800,0,16000
181,M00165,201712,(SONE)3G USIM Only,1000,1000,35000,37000,1200,14800,0,16000
182,M00165,201712,(SONE)3G USIM Only,1000,1000,35000,37000,1200,14800,0,16000
183,M00165,201712,(SONE)3G USIM Only,1000,1000,35000,37000,1200,14800,0,16000
184,M00165,201712,(SONE)3G USIM Only,1000,1000,35000,37000,1200,14800,0,16000
185,M00165,201712,(SONE)3G USIM Only,1000,1000,35000,37000,1200,14800,0,16000
186,M00165,201712,(SONE)3G USIM Only,1000,1000,35000,37000,1200,14800,0,16000
187,M00165,201712,(SONE)3G USIM Only,1000,1000,35000,37000,1200,14800,0,16000
188,M00165,201712,(SONE)3G USIM Only,1000,1000,35000,37000,1200,14800,0,16000
189,M00165,201712,(SONE)3G USIM Only,1000,1000,35000,37000,1200,14800,0,16000
190,M00165,201712,(SONE)3G USIM Only,1000,1000,35000,37000,1200,14800,0,16000
191,M00165,201712,(SONE)3G USIM Only,1000,1000,35000,37000,1200,14800,0,16000
192,M00165,201712,(SONE)3G USIM Only,1000,1000,35000,37000,1200,14800,0,16000
193,M00165,201712,(SONE)3G USIM Only,1000,1000,35000,37000,1200,14800,0,16000
194,M00165,201712,(SONE)3G USIM Only,1000,1000,35000,37000,1200,14800,0,16000
195,M00165,201712,(SONE)3G USIM Only,1000,1000,35000,37000,1200,14800,0,16000
196,M00165,201712,(SONE)3G USIM Only,1000,1000,35000,37000,1200,14800,0,16000
197,M00165,201712,(SONE)3G USIM Only,1000,1000,35000,37000,1200,14800,0,16000
198,M00165,201712,(SONE)Basic,30000,500,1000,31500,1200,12600,0,13800
199,M00165,201712,(SONE)Basic,30000,500,1000,31500,1200,12600,0,13800
200,M00165,201712,(SONE)Basic,30000,500,1000,31500,1200,12600,0,13800
201,M00165,201712,(SONE)Basic,30000,500,1000,31500,1200,12600,0,13800
202,M00165,201712,(SONE)Basic,30000,500,1000,31500,1200,12600,0,13800
203,M00165,201712,(SONE)Basic,30000,500,1000,31500,1200,12600,0,13800
204,M00165,201712,(SONE)Basic,30000,500,1000,31500,1200,12600,0,13800
205,M00165,201712,(SONE)Basic,30000,500,1000,31500,1200,12600,0,13800
206,M00165,201712,(SONE)Basic,30000,500,1000,31500,1200,12600,0,13800
207,M00165,201712,(SONE)Basic,30000,500,1000,31500,1200,12600,0,13800
208,M00165,201712,(SONE)Basic,30000,500,1000,31500,1200,12600,0,13800
209,M00165,201712,(SONE)Basic,30000,500,1000,31500,1200,12600,0,13800
210,M00165,201712,(SONE)Basic,30000,500,1000,31500,1200,12600,0,13800
211,M00165,201712,(SONE)Basic,30000,500,1000,31500,1200,12600,0,13800
212,M00165,201712,(SONE)Basic,30000,500,1000,31500,1200,12600,0,13800
213,M00165,201712,(SONE)Basic,30000,500,1000,31500,1200,12600,0,13800
214,M00165,201712,(SONE)Basic,30000,500,1000,31500,1200,12600,0,13800
215,M00165,201712,(SONE)Basic,30000,500,1000,31500,1200,12600,0,13800
216,M00165,201712,(SONE)Basic,30000,500,1000,31500,1200,12600,0,13800
217,M00165,201712,(SONE)Basic,30000,500,1000,31500,1200,12600,0,13800
218,M00165,201712,(SONE)Basic,30000,500,1000,31500,1200,12600,0,13800
219,M00165,201712,(SONE)LTE Band Data,0,0,65000,65000,1200,0,39000,40200
220,M00165,201712,(SONE)LTE Band Data,0,0,65000,65000,1200,0,39000,40200
221,M00165,201712,(SONE)LTE Band Data,0,0,65000,65000,1200,0,39000,40200
222,M00165,201712,(SONE)LTE Band Data,0,0,65000,65000,1200,0,39000,40200
223,M00165,201712,(SONE)LTE Band Data,0,0,65000,65000,1200,0,39000,40200
224,M00165,201712,(SONE)LTE Band Data,0,0,65000,65000,1200,0,39000,40200
225,M00165,201712,(SONE)LTE Band Data,0,0,65000,65000,1200,0,39000,40200
226,M00165,201712,(SONE)LTE Band Data,0,0,65000,65000,1200,0,39000,40200
227,M00165,201712,(SONE)LTE Band Data,0,0,65000,65000,1200,0,39000,40200
228,M00165,201712,(SONE)LTE Band Data,0,0,65000,65000,1200,0,39000,40200
229,M00165,201712,(SONE)LTE Band Data,0,0,65000,65000,1200,0,39000,40200
230,M00165,201712,(SONE)3G USIM Only,1000,1000,35000,37000,1200,14800,0,16000
231,M00165,201712,(SONE)3G USIM Only,1000,1000,35000,37000,1200,14800,0,16000
232,M00165,201712,(SONE)3G USIM Only,1000,1000,35000,37000,1200,14800,0,16000
251,M00185,201712,(CJHV)Basic,30000,500,3000,33500,1200,13400,0,14600
252,M00185,201712,(CJHV)Basic,30000,500,3000,33500,1200,13400,0,14600
253,M00185,201712,(CJHV)Basic,30000,500,3000,33500,1200,13400,0,14600
254,M00185,201712,(CJHV)Basic,30000,500,3000,33500,1200,13400,0,14600
255,M00185,201712,(CJHV)Basic,30000,500,3000,33500,1200,13400,0,14600
256,M00185,201712,(CJHV)3G USIM Only,1000,1000,35000,37000,1200,14800,0,16000
257,M00185,201712,(CJHV)3G USIM Only,1000,1000,35000,37000,1200,14800,0,16000
258,M00185,201712,(CJHV)3G USIM Only,1000,1000,35000,37000,1200,14800,0,16000
259,M00185,201712,(CJHV)3G USIM Only,1000,1000,35000,37000,1200,14800,0,16000
260,M00185,201712,(CJHV)3G USIM Only,1000,1000,35000,37000,1200,14800,0,16000
261,M00185,201712,(CJHV)3G USIM Only,1000,1000,35000,37000,1200,14800,0,16000
262,M00185,201712,(CJHV)3G USIM Only,1000,1000,35000,37000,1200,14800,0,16000
263,M00185,201712,(CJHV)3G USIM Only,1000,1000,35000,37000,1200,14800,0,16000
264,M00185,201712,(CJHV)3G USIM Only,1000,1000,35000,37000,1200,14800,0,16000
265,M00185,201712,(CJHV)LTE Band Data,0,0,65000,65000,1200,0,39000,40200
266,M00185,201712,(CJHV)LTE Band Data,0,0,65000,65000,1200,0,39000,40200
267,M00185,201712,(CJHV)LTE Band Data,0,0,65000,65000,1200,0,39000,40200
268,M00185,201712,(CJHV)LTE Band Data,0,0,65000,65000,1200,0,39000,40200
269,M00185,201712,(CJHV)LTE Band Data,0,0,65000,65000,1200,0,39000,40200
270,M00185,201712,(CJHV)LTE Band Data,0,0,65000,65000,1200,0,39000,40200
271,M00185,201712,(CJHV)LTE Band Data,0,0,65000,65000,1200,0,39000,40200
272,M00185,201712,(CJHV)LTE Band Data,0,0,65000,65000,1200,0,39000,40200
273,M00185,201712,(CJHV)LTE Band Data,0,0,65000,65000,1200,0,39000,40200
274,M00185,201712,(CJHV)Basic,30000,500,3000,33500,1200,13400,0,14600
275,M00185,201712,(CJHV)Basic,30000,500,3000,33500,1200,13400,0,14600
276,M00185,201712,(CJHV)Basic,30000,500,3000,33500,1200,13400,0,14600
277,M00185,201712,(CJHV)3G USIM Only,1000,1000,35000,37000,1200,14800,0,16000
278,M00185,201712,(CJHV)3G USIM Only,1000,1000,35000,37000,1200,14800,0,16000
279,M00185,201712,(CJHV)3G USIM Only,1000,1000,35000,37000,1200,14800,0,16000
280,M00185,201712,(CJHV)3G USIM Only,1000,1000,35000,37000,1200,14800,0,16000
281,M00185,201712,(CJHV)3G USIM Only,1000,1000,35000,37000,1200,14800,0,16000
282,M00185,201712,(CJHV)3G USIM Only,1000,1000,35000,37000,1200,14800,0,16000
283,M00185,201712,(CJHV)3G USIM Only,1000,1000,35000,37000,1200,14800,0,16000
284,M00185,201712,(CJHV)3G USIM Only,1000,1000,35000,37000,1200,14800,0,16000
285,M00185,201712,(CJHV)LTE Band Data,0,0,65000,65000,1200,0,39000,40200
1,M00035,201801,(SKTL)3G USIM Only,1000,1000,35000,37000,1200,14800,0,16000
2,M00035,201801,(SKTL)3G USIM Only,1000,1000,35000,37000,1200,14800,0,16000
3,M00035,201801,(SKTL)3G USIM Only,1000,1000,35000,37000,1200,14800,0,16000
4,M00035,201801,(SKTL)3G USIM Only,1000,1000,35000,37000,1200,14800,0,16000
5,M00035,201801,(SKTL)3G USIM Only,1000,1000,35000,37000,1200,14800,0,16000
6,M00035,201801,(SKTL)3G USIM Only,1000,1000,35000,37000,1200,14800,0,16000
7,M00035,201801,(SKTL)3G USIM Only,1000,1000,35000,37000,1200,14800,0,16000
8,M00035,201801,(SKTL)3G USIM Only,1000,1000,35000,37000,1200,14800,0,16000
9,M00035,201801,(SKTL)3G USIM Only,1000,1000,35000,37000,1200,14800,0,16000
10,M00035,201801,(SKTL)3G USIM Only,1000,1000,35000,37000,1200,14800,0,16000
11,M00035,201801,(SKTL)3G USIM Only,1000,1000,35000,37000,1200,14800,0,16000
12,M00035,201801,(SKTL)3G USIM Only,1000,200,35000,36200,1200,14480,0,15680
13,M00035,201801,(SKTL)3G USIM Only,1000,200,35000,36200,1200,14480,0,15680
14,M00035,201801,(SKTL)LTE Band Data,0,0,65000,65000,1200,0,39000,40200
15,M00035,201801,(SKTL)LTE Band Data,0,0,65000,65000,1200,0,39000,40200
16,M00035,201801,(SKTL)LTE Band Data,0,0,65000,65000,1200,0,39000,40200
17,M00035,201801,(SKTL)LTE Band Data,0,0,65000,65000,1200,0,39000,40200
18,M00035,201801,(SKTL)LTE Band Data,0,0,65000,65000,1200,0,39000,40200
19,M00035,201801,(SKTL)LTE Band Data,0,0,65000,65000,1200,0,39000,40200
20,M00035,201801,(SKTL)LTE Band Data,0,0,65000,65000,1200,0,39000,40200
21,M00035,201801,(SKTL)LTE Band Data,0,0,65000,65000,1200,0,39000,40200
22,M00035,201801,(SKTL)LTE Band Data,0,0,65000,65000,1200,0,39000,40200
23,M00035,201801,(SKTL)LTE Band Data,0,0,65000,65000,1200,0,39000,40200
24,M00035,201801,(SKTL)LTE Band Data,0,0,65000,65000,1200,0,39000,40200
25,M00035,201801,(SKTL)LTE Band Data,0,0,65000,65000,1200,0,39000,40200
26,M00035,201801,(SKTL)LTE Band Data,0,0,65000,65000,1200,0,39000,40200
27,M00035,201801,(SKTL)LTE Band Data,0,0,65000,65000,1200,0,39000,40200
28,M00035,201801,(SKTL)LTE Band Data,0,0,65000,65000,1200,0,39000,40200
29,M00035,201801,(SKTL)LTE Band Data,0,0,65000,65000,1200,0,39000,40200
30,M00035,201801,(SKTL)LTE Band Data,0,0,65000,65000,1200,0,39000,40200
31,M00035,201801,(SKTL)LTE Band Data,0,0,65000,65000,1200,0,39000,40200
32,M00035,201801,(SKTL)LTE Band Data,0,0,65000,65000,1200,0,39000,40200
33,M00035,201801,(SKTL)LTE Band Data,0,0,65000,65000,1200,0,39000,40200
34,M00035,201801,(SKTL)LTE Band Data,0,0,65000,65000,1200,0,39000,40200
35,M00035,201801,(SKTL)LTE Band Data,0,0,65000,65000,1200,0,39000,40200
36,M00035,201801,(SKTL)LTE Band Data,0,0,65000,65000,1200,0,39000,40200
37,M00035,201801,(SKTL)LTE Band Data,0,0,65000,65000,1200,0,39000,40200
38,M00035,201801,(SKTL)LTE Band Data,0,0,65000,65000,1200,0,39000,40200
39,M00035,201801,(SKTL)LTE Band Data,0,0,65000,65000,1200,0,39000,40200
40,M00035,201801,(SKTL)LTE Band Data,0,0,65000,65000,1200,0,39000,40200
41,M00035,201801,(SKTL)LTE Band Data,0,0,65000,65000,1200,0,39000,40200
42,M00035,201801,(SKTL)LTE Band Data,0,0,65000,65000,1200,0,39000,40200
43,M00035,201801,(SKTL)LTE Band Data,0,0,65000,65000,1200,0,39000,40200
44,M00035,201801,(SKTL)LTE Band Data,0,0,65000,65000,1200,0,39000,40200
45,M00035,201801,(SKTL)LTE Band Data,0,0,65000,65000,1200,0,39000,40200
46,M00035,201801,(SKTL)LTE Band Data,0,0,65000,65000,1200,0,39000,40200
47,M00035,201801,(SKTL)LTE Band Data,0,0,65000,65000,1200,0,39000,40200
48,M00035,201801,(SKTL)LTE Band Data,0,0,65000,65000,1200,0,39000,40200
49,M00035,201801,(SKTL)LTE Band Data,0,0,65000,65000,1200,0,39000,40200
50,M00035,201801,(SKTL)LTE Band Data,0,0,65000,65000,1200,0,39000,40200
51,M00035,201801,(SKTL)LTE Band Data,0,0,65000,65000,1200,0,39000,40200
52,M00035,201801,(SKTL)LTE Band Data,0,0,65000,65000,1200,0,39000,40200
53,M00035,201801,(SKTL)LTE Band Data,0,0,65000,65000,1200,0,39000,40200
54,M00035,201801,(SKTL)LTE Band Data,0,0,65000,65000,1200,0,39000,40200
55,M00035,201801,(SKTL)LTE Band Data,0,0,65000,65000,1200,0,39000,40200
56,M00035,201801,(SKTL)LTE Band Data,0,0,65000,65000,1200,0,39000,40200
57,M00035,201801,(SKTL)LTE Band Data,0,0,65000,65000,1200,0,39000,40200
58,M00035,201801,(SKTL)LTE Band Data,0,0,65000,65000,1200,0,39000,40200
59,M00035,201801,(SKTL)LTE Band Data,0,0,65000,65000,1200,0,39000,40200
60,M00035,201801,(SKTL)LTE Band Data,0,0,65000,65000,1200,0,39000,40200
61,M00035,201801,(SKTL)LTE Band Data,0,0,65000,65000,1200,0,39000,40200
62,M00035,201801,(SKTL)LTE Band Data,0,0,65000,65000,1200,0,39000,40200
63,M00035,201801,(SKTL)LTE Band Data,0,0,65000,65000,1200,0,39000,40200
64,M00035,201801,(SKTL)Basic,10000,500,3500,14000,1200,5600,0,6800
65,M00035,201801,(SKTL)Basic,10000,500,3500,14000,1200,5600,0,6800
66,M00035,201801,(SKTL)Basic,10000,500,3500,14000,1200,5600,0,6800
67,M00035,201801,(SKTL)Basic,10000,500,3500,14000,1200,5600,0,6800
68,M00035,201801,(SKTL)Basic,10000,500,3500,14000,1200,5600,0,6800
69,M00035,201801,(SKTL)Basic,10000,500,3500,14000,1200,5600,0,6800
70,M00035,201801,(SKTL)Basic,10000,500,3500,14000,1200,5600,0,6800
71,M00035,201801,(SKTL)Basic,10000,500,3500,14000,1200,5600,0,6800
72,M00035,201801,(SKTL)Basic,10000,500,3500,14000,1200,5600,0,6800
73,M00035,201801,(SKTL)Basic,10000,500,3500,14000,1200,5600,0,6800
74,M00035,201801,(SKTL)Basic,10000,500,3500,14000,1200,5600,0,6800
75,M00035,201801,(SKTL)Basic,10000,500,3500,14000,1200,5600,0,6800
76,M00035,201801,(SKTL)Basic,10000,500,3500,14000,1200,5600,0,6800
77,M00035,201801,(SKTL)Basic,10000,500,3500,14000,1200,5600,0,6800
78,M00035,201801,(SKTL)Basic,10000,500,3500,14000,1200,5600,0,6800
79,M00035,201801,(SKTL)Basic,10000,500,3500,14000,1200,5600,0,6800
80,M00035,201801,(SKTL)Basic,10000,500,3500,14000,1200,5600,0,6800
81,M00035,201801,(SKTL)Basic,10000,500,3500,14000,1200,5600,0,6800
82,M00035,201801,(SKTL)Basic,10000,500,3500,14000,1200,5600,0,6800
83,M00035,201801,(SKTL)Basic,10000,500,3500,14000,1200,5600,0,6800
84,M00035,201801,(SKTL)Basic,10000,500,3500,14000,1200,5600,0,6800
85,M00035,201801,(SKTL)Basic,10000,500,3500,14000,1200,5600,0,6800
86,M00035,201801,(SKTL)Basic,10000,500,3500,14000,1200,5600,0,6800
87,M00035,201801,(SKTL)Basic,10000,500,3500,14000,1200,5600,0,6800
88,M00035,201801,(SKTL)Basic,10000,500,3500,14000,1200,5600,0,6800
89,M00035,201801,(SKTL)Basic,10000,500,3500,14000,1200,5600,0,6800
90,M00035,201801,(SKTL)Basic,10000,500,3500,14000,1200,5600,0,6800
91,M00035,201801,(SKTL)Basic,10000,500,3500,14000,1200,5600,0,6800
92,M00035,201801,(SKTL)Basic,10000,500,3500,14000,1200,5600,0,6800
93,M00035,201801,(SKTL)Basic,10000,500,3500,14000,1200,5600,0,6800
94,M00035,201801,(SKTL)Basic,10000,500,3500,14000,1200,5600,0,6800
95,M00035,201801,(SKTL)Basic,10000,500,3500,14000,1200,5600,0,6800
96,M00035,201801,(SKTL)Basic,10000,500,3500,14000,1200,5600,0,6800
97,M00035,201801,(SKTL)Basic,10000,500,3500,14000,1200,5600,0,6800
98,M00035,201801,(SKTL)Basic,10000,500,3500,14000,1200,5600,0,6800
99,M00035,201801,(SKTL)Basic,10000,500,3500,14000,1200,5600,0,6800
100,M00035,201801,(SKTL)Basic,10000,500,3500,14000,1200,5600,0,6800
151,M00165,201801,(SONE)3G USIM Only,1000,200,35000,36200,1200,14480,0,15680
152,M00165,201801,(SONE)3G USIM Only,1000,200,35000,36200,1200,14480,0,15680
153,M00165,201801,(SONE)3G USIM Only,1000,200,35000,36200,1200,14480,0,15680
154,M00165,201801,(SONE)3G USIM Only,1000,200,35000,36200,1200,14480,0,15680
155,M00165,201801,(SONE)3G USIM Only,1000,200,35000,36200,1200,14480,0,15680
156,M00165,201801,(SONE)3G USIM Only,1000,200,35000,36200,1200,14480,0,15680
157,M00165,201801,(SONE)3G USIM Only,1000,200,35000,36200,1200,14480,0,15680
158,M00165,201801,(SONE)Basic,10000,2000,1000,13000,1200,5200,0,6400
159,M00165,201801,(SONE)Basic,10000,2000,1000,13000,1200,5200,0,6400
160,M00165,201801,(SONE)Basic,10000,2000,1000,13000,1200,5200,0,6400
161,M00165,201801,(SONE)Basic,10000,2000,1000,13000,1200,5200,0,6400
162,M00165,201801,(SONE)Basic,10000,2000,1000,13000,1200,5200,0,6400
163,M00165,201801,(SONE)Basic,10000,2000,1000,13000,1200,5200,0,6400
164,M00165,201801,(SONE)Basic,10000,2000,1000,13000,1200,5200,0,6400
165,M00165,201801,(SONE)Basic,10000,2000,1000,13000,1200,5200,0,6400
166,M00165,201801,(SONE)Basic,10000,2000,1000,13000,1200,5200,0,6400
167,M00165,201801,(SONE)Basic,10000,2000,1000,13000,1200,5200,0,6400
168,M00165,201801,(SONE)Basic,10000,2000,1000,13000,1200,5200,0,6400
169,M00165,201801,(SONE)Basic,10000,2000,1000,13000,1200,5200,0,6400
170,M00165,201801,(SONE)Basic,10000,2000,1000,13000,1200,5200,0,6400
171,M00165,201801,(SONE)Basic,10000,2000,1000,13000,1200,5200,0,6400
172,M00165,201801,(SONE)Basic,10000,2000,1000,13000,1200,5200,0,6400
173,M00165,201801,(SONE)LTE Band Data,0,0,65000,65000,1200,0,39000,40200
174,M00165,201801,(SONE)LTE Band Data,0,0,65000,65000,1200,0,39000,40200
175,M00165,201801,(SONE)LTE Band Data,0,0,65000,65000,1200,0,39000,40200
176,M00165,201801,(SONE)3G USIM Only,1000,200,35000,36200,1200,14480,0,15680
177,M00165,201801,(SONE)3G USIM Only,1000,200,35000,36200,1200,14480,0,15680
178,M00165,201801,(SONE)3G USIM Only,1000,200,35000,36200,1200,14480,0,15680
179,M00165,201801,(SONE)3G USIM Only,1000,200,35000,36200,1200,14480,0,15680
180,M00165,201801,(SONE)3G USIM Only,1000,200,35000,36200,1200,14480,0,15680
181,M00165,201801,(SONE)3G USIM Only,1000,200,35000,36200,1200,14480,0,15680
182,M00165,201801,(SONE)3G USIM Only,1000,200,35000,36200,1200,14480,0,15680
183,M00165,201801,(SONE)3G USIM Only,1000,200,35000,36200,1200,14480,0,15680
184,M00165,201801,(SONE)3G USIM Only,1000,200,35000,36200,1200,14480,0,15680
185,M00165,201801,(SONE)3G USIM Only,1000,200,35000,36200,1200,14480,0,15680
186,M00165,201801,(SONE)3G USIM Only,1000,200,35000,36200,1200,14480,0,15680
187,M00165,201801,(SONE)3G USIM Only,1000,200,35000,36200,1200,14480,0,15680
188,M00165,201801,(SONE)3G USIM Only,1000,200,35000,36200,1200,14480,0,15680
189,M00165,201801,(SONE)3G USIM Only,1000,200,35000,36200,1200,14480,0,15680
190,M00165,201801,(SONE)3G USIM Only,1000,200,35000,36200,1200,14480,0,15680
191,M00165,201801,(SONE)3G USIM Only,1000,200,35000,36200,1200,14480,0,15680
192,M00165,201801,(SONE)3G USIM Only,1000,200,35000,36200,1200,14480,0,15680
193,M00165,201801,(SONE)3G USIM Only,1000,200,35000,36200,1200,14480,0,15680
194,M00165,201801,(SONE)3G USIM Only,1000,200,35000,36200,1200,14480,0,15680
195,M00165,201801,(SONE)3G USIM Only,1000,200,35000,36200,1200,14480,0,15680
196,M00165,201801,(SONE)3G USIM Only,1000,200,35000,36200,1200,14480,0,15680
197,M00165,201801,(SONE)3G USIM Only,1000,200,35000,36200,1200,14480,0,15680
198,M00165,201801,(SONE)Basic,10000,2000,1000,13000,1200,5200,0,6400
199,M00165,201801,(SONE)Basic,10000,2000,1000,13000,1200,5200,0,6400
200,M00165,201801,(SONE)Basic,10000,2000,1000,13000,1200,5200,0,6400
201,M00165,201801,(SONE)Basic,10000,2000,1000,13000,1200,5200,0,6400
202,M00165,201801,(SONE)Basic,10000,2000,1000,13000,1200,5200,0,6400
203,M00165,201801,(SONE)Basic,10000,2000,1000,13000,1200,5200,0,6400
204,M00165,201801,(SONE)Basic,10000,2000,1000,13000,1200,5200,0,6400
205,M00165,201801,(SONE)Basic,10000,2000,1000,13000,1200,5200,0,6400
206,M00165,201801,(SONE)Basic,10000,2000,1000,13000,1200,5200,0,6400
207,M00165,201801,(SONE)Basic,10000,2000,1000,13000,1200,5200,0,6400
208,M00165,201801,(SONE)Basic,10000,2000,1000,13000,1200,5200,0,6400
209,M00165,201801,(SONE)Basic,10000,2000,1000,13000,1200,5200,0,6400
210,M00165,201801,(SONE)Basic,10000,2000,1000,13000,1200,5200,0,6400
211,M00165,201801,(SONE)Basic,10000,2000,1000,13000,1200,5200,0,6400
212,M00165,201801,(SONE)Basic,10000,2000,1000,13000,1200,5200,0,6400
213,M00165,201801,(SONE)Basic,10000,2000,1000,13000,1200,5200,0,6400
214,M00165,201801,(SONE)Basic,10000,2000,1000,13000,1200,5200,0,6400
215,M00165,201801,(SONE)Basic,10000,2000,1000,13000,1200,5200,0,6400
216,M00165,201801,(SONE)Basic,10000,2000,1000,13000,1200,5200,0,6400
217,M00165,201801,(SONE)Basic,10000,2000,1000,13000,1200,5200,0,6400
218,M00165,201801,(SONE)Basic,10000,2000,1000,13000,1200,5200,0,6400
219,M00165,201801,(SONE)LTE Band Data,0,0,65000,65000,1200,0,39000,40200
220,M00165,201801,(SONE)LTE Band Data,0,0,65000,65000,1200,0,39000,40200
221,M00165,201801,(SONE)LTE Band Data,0,0,65000,65000,1200,0,39000,40200
222,M00165,201801,(SONE)LTE Band Data,0,0,65000,65000,1200,0,39000,40200
223,M00165,201801,(SONE)LTE Band Data,0,0,65000,65000,1200,0,39000,40200
224,M00165,201801,(SONE)LTE Band Data,0,0,65000,65000,1200,0,39000,40200
225,M00165,201801,(SONE)LTE Band Data,0,0,65000,65000,1200,0,39000,40200
226,M00165,201801,(SONE)LTE Band Data,0,0,65000,65000,1200,0,39000,40200
227,M00165,201801,(SONE)LTE Band Data,0,0,65000,65000,1200,0,39000,40200
228,M00165,201801,(SONE)LTE Band Data,0,0,65000,65000,1200,0,39000,40200
229,M00165,201801,(SONE)LTE Band Data,0,0,65000,65000,1200,0,39000,40200
230,M00165,201801,(SONE)3G USIM Only,1000,200,35000,36200,1200,14480,0,15680
231,M00165,201801,(SONE)3G USIM Only,1000,200,35000,36200,1200,14480,0,15680
232,M00165,201801,(SONE)3G USIM Only,1000,200,35000,36200,1200,14480,0,15680
251,M00185,201801,(CJHV)Basic,10000,2000,3000,15000,1200,6000,0,7200
252,M00185,201801,(CJHV)Basic,10000,2000,3000,15000,1200,6000,0,7200
253,M00185,201801,(CJHV)Basic,10000,2000,3000,15000,1200,6000,0,7200
254,M00185,201801,(CJHV)Basic,10000,2000,3000,15000,1200,6000,0,7200
255,M00185,201801,(CJHV)Basic,10000,2000,3000,15000,1200,6000,0,7200
256,M00185,201801,(CJHV)3G USIM Only,1000,3000,35000,39000,1200,15600,0,16800
257,M00185,201801,(CJHV)3G USIM Only,1000,3000,35000,39000,1200,15600,0,16800
258,M00185,201801,(CJHV)3G USIM Only,1000,3000,35000,39000,1200,15600,0,16800
259,M00185,201801,(CJHV)3G USIM Only,1000,3000,35000,39000,1200,15600,0,16800
260,M00185,201801,(CJHV)3G USIM Only,1000,3000,35000,39000,1200,15600,0,16800
261,M00185,201801,(CJHV)3G USIM Only,1000,3000,35000,39000,1200,15600,0,16800
262,M00185,201801,(CJHV)3G USIM Only,1000,3000,35000,39000,1200,15600,0,16800
263,M00185,201801,(CJHV)3G USIM Only,1000,3000,35000,39000,1200,15600,0,16800
264,M00185,201801,(CJHV)3G USIM Only,1000,3000,35000,39000,1200,15600,0,16800
265,M00185,201801,(CJHV)LTE Band Data,0,0,65000,65000,1200,0,39000,40200
266,M00185,201801,(CJHV)LTE Band Data,0,0,65000,65000,1200,0,39000,40200
267,M00185,201801,(CJHV)LTE Band Data,0,0,65000,65000,1200,0,39000,40200
268,M00185,201801,(CJHV)LTE Band Data,0,0,65000,65000,1200,0,39000,40200
269,M00185,201801,(CJHV)LTE Band Data,0,0,65000,65000,1200,0,39000,40200
270,M00185,201801,(CJHV)LTE Band Data,0,0,65000,65000,1200,0,39000,40200
271,M00185,201801,(CJHV)LTE Band Data,0,0,65000,65000,1200,0,39000,40200
272,M00185,201801,(CJHV)LTE Band Data,0,0,65000,65000,1200,0,39000,40200
273,M00185,201801,(CJHV)LTE Band Data,0,0,65000,65000,1200,0,39000,40200
274,M00185,201801,(CJHV)Basic,10000,2000,3000,15000,1200,6000,0,7200
275,M00185,201801,(CJHV)Basic,10000,2000,3000,15000,1200,6000,0,7200
276,M00185,201801,(CJHV)Basic,10000,2000,3000,15000,1200,6000,0,7200
277,M00185,201801,(CJHV)3G USIM Only,1000,3000,35000,39000,1200,15600,0,16800
278,M00185,201801,(CJHV)3G USIM Only,1000,3000,35000,39000,1200,15600,0,16800
279,M00185,201801,(CJHV)3G USIM Only,1000,3000,35000,39000,1200,15600,0,16800
280,M00185,201801,(CJHV)3G USIM Only,1000,3000,35000,39000,1200,15600,0,16800
281,M00185,201801,(CJHV)3G USIM Only,1000,3000,35000,39000,1200,15600,0,16800
282,M00185,201801,(CJHV)3G USIM Only,1000,3000,35000,39000,1200,15600,0,16800
283,M00185,201801,(CJHV)3G USIM Only,1000,3000,35000,39000,1200,15600,0,16800
284,M00185,201801,(CJHV)3G USIM Only,1000,3000,35000,39000,1200,15600,0,16800
285,M00185,201801,(CJHV)LTE Band Data,0,0,65000,65000,1200,0,39000,40200
1,M00035,201802,(SKTL)3G USIM Only,1000,3000,35000,39000,1200,15600,0,16800
2,M00035,201802,(SKTL)3G USIM Only,1000,3000,35000,39000,1200,15600,0,16800
3,M00035,201802,(SKTL)3G USIM Only,1000,3000,35000,39000,1200,15600,0,16800
4,M00035,201802,(SKTL)3G USIM Only,1000,3000,35000,39000,1200,15600,0,16800
5,M00035,201802,(SKTL)3G USIM Only,1000,3000,35000,39000,1200,15600,0,16800
6,M00035,201802,(SKTL)3G USIM Only,1000,3000,35000,39000,1200,15600,0,16800
7,M00035,201802,(SKTL)3G USIM Only,1000,3000,35000,39000,1200,15600,0,16800
8,M00035,201802,(SKTL)3G USIM Only,1000,3000,35000,39000,1200,15600,0,16800
9,M00035,201802,(SKTL)3G USIM Only,1000,3000,35000,39000,1200,15600,0,16800
10,M00035,201802,(SKTL)3G USIM Only,1000,3000,35000,39000,1200,15600,0,16800
11,M00035,201802,(SKTL)3G USIM Only,1000,3000,35000,39000,1200,15600,0,16800
12,M00035,201802,(SKTL)3G USIM Only,1000,3000,35000,39000,1200,15600,0,16800
13,M00035,201802,(SKTL)3G USIM Only,1000,3000,35000,39000,1200,15600,0,16800
14,M00035,201802,(SKTL)LTE Band Data,0,0,65000,65000,1200,0,39000,40200
15,M00035,201802,(SKTL)LTE Band Data,0,0,65000,65000,1200,0,39000,40200
16,M00035,201802,(SKTL)LTE Band Data,0,0,65000,65000,1200,0,39000,40200
17,M00035,201802,(SKTL)LTE Band Data,0,0,65000,65000,1200,0,39000,40200
18,M00035,201802,(SKTL)LTE Band Data,0,0,65000,65000,1200,0,39000,40200
19,M00035,201802,(SKTL)LTE Band Data,0,0,65000,65000,1200,0,39000,40200
20,M00035,201802,(SKTL)LTE Band Data,0,0,65000,65000,1200,0,39000,40200
21,M00035,201802,(SKTL)LTE Band Data,0,0,65000,65000,1200,0,39000,40200
22,M00035,201802,(SKTL)LTE Band Data,0,0,65000,65000,1200,0,39000,40200
23,M00035,201802,(SKTL)LTE Band Data,0,0,65000,65000,1200,0,39000,40200
24,M00035,201802,(SKTL)LTE Band Data,0,0,65000,65000,1200,0,39000,40200
25,M00035,201802,(SKTL)LTE Band Data,0,0,65000,65000,1200,0,39000,40200
26,M00035,201802,(SKTL)LTE Band Data,0,0,65000,65000,1200,0,39000,40200
27,M00035,201802,(SKTL)LTE Band Data,0,0,65000,65000,1200,0,39000,40200
28,M00035,201802,(SKTL)LTE Band Data,0,0,65000,65000,1200,0,39000,40200
29,M00035,201802,(SKTL)LTE Band Data,0,0,65000,65000,1200,0,39000,40200
30,M00035,201802,(SKTL)LTE Band Data,0,0,65000,65000,1200,0,39000,40200
31,M00035,201802,(SKTL)LTE Band Data,0,0,65000,65000,1200,0,39000,40200
32,M00035,201802,(SKTL)LTE Band Data,0,0,65000,65000,1200,0,39000,40200
33,M00035,201802,(SKTL)LTE Band Data,0,0,65000,65000,1200,0,39000,40200
34,M00035,201802,(SKTL)LTE Band Data,0,0,65000,65000,1200,0,39000,40200
35,M00035,201802,(SKTL)LTE Band Data,0,0,65000,65000,1200,0,39000,40200
36,M00035,201802,(SKTL)LTE Band Data,0,0,65000,65000,1200,0,39000,40200
37,M00035,201802,(SKTL)LTE Band Data,0,0,65000,65000,1200,0,39000,40200
38,M00035,201802,(SKTL)LTE Band Data,0,0,65000,65000,1200,0,39000,40200
39,M00035,201802,(SKTL)LTE Band Data,0,0,65000,65000,1200,0,39000,40200
40,M00035,201802,(SKTL)LTE Band Data,0,0,65000,65000,1200,0,39000,40200
41,M00035,201802,(SKTL)LTE Band Data,0,0,65000,65000,1200,0,39000,40200
42,M00035,201802,(SKTL)LTE Band Data,0,0,65000,65000,1200,0,39000,40200
43,M00035,201802,(SKTL)LTE Band Data,0,0,65000,65000,1200,0,39000,40200
44,M00035,201802,(SKTL)LTE Band Data,0,0,65000,65000,1200,0,39000,40200
45,M00035,201802,(SKTL)LTE Band Data,0,0,65000,65000,1200,0,39000,40200
46,M00035,201802,(SKTL)LTE Band Data,0,0,65000,65000,1200,0,39000,40200
47,M00035,201802,(SKTL)LTE Band Data,0,0,65000,65000,1200,0,39000,40200
48,M00035,201802,(SKTL)LTE Band Data,0,0,65000,65000,1200,0,39000,40200
49,M00035,201802,(SKTL)LTE Band Data,0,0,65000,65000,1200,0,39000,40200
50,M00035,201802,(SKTL)LTE Band Data,0,0,65000,65000,1200,0,39000,40200
51,M00035,201802,(SKTL)LTE Band Data,0,0,65000,65000,1200,0,39000,40200
52,M00035,201802,(SKTL)LTE Band Data,0,0,65000,65000,1200,0,39000,40200
53,M00035,201802,(SKTL)LTE Band Data,0,0,65000,65000,1200,0,39000,40200
54,M00035,201802,(SKTL)LTE Band Data,0,0,65000,65000,1200,0,39000,40200
55,M00035,201802,(SKTL)LTE Band Data,0,0,65000,65000,1200,0,39000,40200
56,M00035,201802,(SKTL)LTE Band Data,0,0,65000,65000,1200,0,39000,40200
57,M00035,201802,(SKTL)LTE Band Data,0,0,65000,65000,1200,0,39000,40200
58,M00035,201802,(SKTL)LTE Band Data,0,0,65000,65000,1200,0,39000,40200
59,M00035,201802,(SKTL)LTE Band Data,0,0,65000,65000,1200,0,39000,40200
60,M00035,201802,(SKTL)LTE Band Data,0,0,65000,65000,1200,0,39000,40200
61,M00035,201802,(SKTL)LTE Band Data,0,0,65000,65000,1200,0,39000,40200
62,M00035,201802,(SKTL)LTE Band Data,0,0,65000,65000,1200,0,39000,40200
63,M00035,201802,(SKTL)LTE Band Data,0,0,65000,65000,1200,0,39000,40200
64,M00035,201802,(SKTL)Basic,40000,600,3500,44100,1200,17640,0,18840
65,M00035,201802,(SKTL)Basic,40000,600,3500,44100,1200,17640,0,18840
66,M00035,201802,(SKTL)Basic,40000,600,3500,44100,1200,17640,0,18840
67,M00035,201802,(SKTL)Basic,40000,600,3500,44100,1200,17640,0,18840
68,M00035,201802,(SKTL)Basic,40000,600,3500,44100,1200,17640,0,18840
69,M00035,201802,(SKTL)Basic,40000,600,3500,44100,1200,17640,0,18840
70,M00035,201802,(SKTL)Basic,40000,600,3500,44100,1200,17640,0,18840
71,M00035,201802,(SKTL)Basic,40000,600,3500,44100,1200,17640,0,18840
72,M00035,201802,(SKTL)Basic,40000,600,3500,44100,1200,17640,0,18840
73,M00035,201802,(SKTL)Basic,40000,600,3500,44100,1200,17640,0,18840
74,M00035,201802,(SKTL)Basic,40000,600,3500,44100,1200,17640,0,18840
75,M00035,201802,(SKTL)Basic,40000,600,3500,44100,1200,17640,0,18840
76,M00035,201802,(SKTL)Basic,40000,600,3500,44100,1200,17640,0,18840
77,M00035,201802,(SKTL)Basic,40000,600,3500,44100,1200,17640,0,18840
78,M00035,201802,(SKTL)Basic,40000,600,3500,44100,1200,17640,0,18840
79,M00035,201802,(SKTL)Basic,40000,600,3500,44100,1200,17640,0,18840
80,M00035,201802,(SKTL)Basic,40000,600,3500,44100,1200,17640,0,18840
81,M00035,201802,(SKTL)Basic,40000,600,3500,44100,1200,17640,0,18840
82,M00035,201802,(SKTL)Basic,40000,600,3500,44100,1200,17640,0,18840
83,M00035,201802,(SKTL)Basic,40000,600,3500,44100,1200,17640,0,18840
84,M00035,201802,(SKTL)Basic,40000,600,3500,44100,1200,17640,0,18840
85,M00035,201802,(SKTL)Basic,40000,600,3500,44100,1200,17640,0,18840
86,M00035,201802,(SKTL)Basic,40000,600,3500,44100,1200,17640,0,18840
87,M00035,201802,(SKTL)Basic,40000,600,3500,44100,1200,17640,0,18840
88,M00035,201802,(SKTL)Basic,40000,600,3500,44100,1200,17640,0,18840
89,M00035,201802,(SKTL)Basic,40000,600,3500,44100,1200,17640,0,18840
90,M00035,201802,(SKTL)Basic,40000,600,3500,44100,1200,17640,0,18840
91,M00035,201802,(SKTL)Basic,40000,600,3500,44100,1200,17640,0,18840
92,M00035,201802,(SKTL)Basic,40000,600,3500,44100,1200,17640,0,18840
93,M00035,201802,(SKTL)Basic,40000,600,3500,44100,1200,17640,0,18840
94,M00035,201802,(SKTL)Basic,40000,600,3500,44100,1200,17640,0,18840
95,M00035,201802,(SKTL)Basic,40000,600,3500,44100,1200,17640,0,18840
96,M00035,201802,(SKTL)Basic,40000,600,3500,44100,1200,17640,0,18840
97,M00035,201802,(SKTL)Basic,40000,600,3500,44100,1200,17640,0,18840
98,M00035,201802,(SKTL)Basic,40000,600,3500,44100,1200,17640,0,18840
99,M00035,201802,(SKTL)Basic,40000,600,3500,44100,1200,17640,0,18840
100,M00035,201802,(SKTL)Basic,40000,600,3500,44100,1200,17640,0,18840
151,M00165,201802,(SONE)3G USIM Only,1000,3000,35000,39000,1200,15600,0,16800
152,M00165,201802,(SONE)3G USIM Only,1000,3000,35000,39000,1200,15600,0,16800
153,M00165,201802,(SONE)3G USIM Only,1000,3000,35000,39000,1200,15600,0,16800
154,M00165,201802,(SONE)3G USIM Only,1000,3000,35000,39000,1200,15600,0,16800
155,M00165,201802,(SONE)3G USIM Only,1000,3000,35000,39000,1200,15600,0,16800
156,M00165,201802,(SONE)3G USIM Only,1000,3000,35000,39000,1200,15600,0,16800
157,M00165,201802,(SONE)3G USIM Only,1000,3000,35000,39000,1200,15600,0,16800
158,M00165,201802,(SONE)Basic,40000,600,1000,41600,1200,16640,0,17840
159,M00165,201802,(SONE)Basic,40000,600,1000,41600,1200,16640,0,17840
160,M00165,201802,(SONE)Basic,40000,600,1000,41600,1200,16640,0,17840
161,M00165,201802,(SONE)Basic,40000,600,1000,41600,1200,16640,0,17840
162,M00165,201802,(SONE)Basic,40000,600,1000,41600,1200,16640,0,17840
163,M00165,201802,(SONE)Basic,40000,600,1000,41600,1200,16640,0,17840
164,M00165,201802,(SONE)Basic,40000,600,1000,41600,1200,16640,0,17840
165,M00165,201802,(SONE)Basic,40000,600,1000,41600,1200,16640,0,17840
166,M00165,201802,(SONE)Basic,40000,600,1000,41600,1200,16640,0,17840
167,M00165,201802,(SONE)Basic,40000,600,1000,41600,1200,16640,0,17840
168,M00165,201802,(SONE)Basic,40000,600,1000,41600,1200,16640,0,17840
169,M00165,201802,(SONE)Basic,40000,600,1000,41600,1200,16640,0,17840
170,M00165,201802,(SONE)Basic,40000,600,1000,41600,1200,16640,0,17840
171,M00165,201802,(SONE)Basic,40000,600,1000,41600,1200,16640,0,17840
172,M00165,201802,(SONE)Basic,40000,600,1000,41600,1200,16640,0,17840
173,M00165,201802,(SONE)LTE Band Data,0,0,65000,65000,1200,0,39000,40200
174,M00165,201802,(SONE)LTE Band Data,0,0,65000,65000,1200,0,39000,40200
175,M00165,201802,(SONE)LTE Band Data,0,0,65000,65000,1200,0,39000,40200
176,M00165,201802,(SONE)3G USIM Only,1000,3000,35000,39000,1200,15600,0,16800
177,M00165,201802,(SONE)3G USIM Only,1000,3000,35000,39000,1200,15600,0,16800
178,M00165,201802,(SONE)3G USIM Only,1000,3000,35000,39000,1200,15600,0,16800
179,M00165,201802,(SONE)3G USIM Only,1000,3000,35000,39000,1200,15600,0,16800
180,M00165,201802,(SONE)3G USIM Only,1000,3000,35000,39000,1200,15600,0,16800
181,M00165,201802,(SONE)3G USIM Only,1000,3000,35000,39000,1200,15600,0,16800
182,M00165,201802,(SONE)3G USIM Only,1000,3000,35000,39000,1200,15600,0,16800
183,M00165,201802,(SONE)3G USIM Only,1000,3000,35000,39000,1200,15600,0,16800
184,M00165,201802,(SONE)3G USIM Only,1000,3000,35000,39000,1200,15600,0,16800
185,M00165,201802,(SONE)3G USIM Only,1000,3000,35000,39000,1200,15600,0,16800
186,M00165,201802,(SONE)3G USIM Only,1000,3000,35000,39000,1200,15600,0,16800
187,M00165,201802,(SONE)3G USIM Only,1000,3000,35000,39000,1200,15600,0,16800
188,M00165,201802,(SONE)3G USIM Only,1000,3000,35000,39000,1200,15600,0,16800
189,M00165,201802,(SONE)3G USIM Only,1000,3000,35000,39000,1200,15600,0,16800
190,M00165,201802,(SONE)3G USIM Only,1000,3000,35000,39000,1200,15600,0,16800
191,M00165,201802,(SONE)3G USIM Only,1000,3000,35000,39000,1200,15600,0,16800
192,M00165,201802,(SONE)3G USIM Only,1000,3000,35000,39000,1200,15600,0,16800
193,M00165,201802,(SONE)3G USIM Only,1000,3000,35000,39000,1200,15600,0,16800
194,M00165,201802,(SONE)3G USIM Only,1000,3000,35000,39000,1200,15600,0,16800
195,M00165,201802,(SONE)3G USIM Only,1000,3000,35000,39000,1200,15600,0,16800
196,M00165,201802,(SONE)3G USIM Only,1000,3000,35000,39000,1200,15600,0,16800
197,M00165,201802,(SONE)3G USIM Only,1000,500,35000,36500,1200,14600,0,15800
198,M00165,201802,(SONE)Basic,40000,600,1000,41600,1200,16640,0,17840
199,M00165,201802,(SONE)Basic,40000,600,1000,41600,1200,16640,0,17840
200,M00165,201802,(SONE)Basic,40000,600,1000,41600,1200,16640,0,17840
201,M00165,201802,(SONE)Basic,40000,600,1000,41600,1200,16640,0,17840
202,M00165,201802,(SONE)Basic,40000,600,1000,41600,1200,16640,0,17840
203,M00165,201802,(SONE)Basic,40000,600,1000,41600,1200,16640,0,17840
204,M00165,201802,(SONE)Basic,40000,600,1000,41600,1200,16640,0,17840
205,M00165,201802,(SONE)Basic,40000,600,1000,41600,1200,16640,0,17840
206,M00165,201802,(SONE)Basic,40000,600,1000,41600,1200,16640,0,17840
207,M00165,201802,(SONE)Basic,40000,600,1000,41600,1200,16640,0,17840
208,M00165,201802,(SONE)Basic,40000,600,1000,41600,1200,16640,0,17840
209,M00165,201802,(SONE)Basic,40000,600,1000,41600,1200,16640,0,17840
210,M00165,201802,(SONE)Basic,40000,600,1000,41600,1200,16640,0,17840
211,M00165,201802,(SONE)Basic,40000,600,1000,41600,1200,16640,0,17840
212,M00165,201802,(SONE)Basic,40000,600,1000,41600,1200,16640,0,17840
213,M00165,201802,(SONE)Basic,40000,600,1000,41600,1200,16640,0,17840
214,M00165,201802,(SONE)Basic,40000,600,1000,41600,1200,16640,0,17840
215,M00165,201802,(SONE)Basic,40000,600,1000,41600,1200,16640,0,17840
216,M00165,201802,(SONE)Basic,40000,600,1000,41600,1200,16640,0,17840
217,M00165,201802,(SONE)Basic,40000,600,1000,41600,1200,16640,0,17840
218,M00165,201802,(SONE)Basic,40000,600,1000,41600,1200,16640,0,17840
219,M00165,201802,(SONE)LTE Band Data,0,0,65000,65000,1200,0,39000,40200
220,M00165,201802,(SONE)LTE Band Data,0,0,65000,65000,1200,0,39000,40200
221,M00165,201802,(SONE)LTE Band Data,0,0,65000,65000,1200,0,39000,40200
222,M00165,201802,(SONE)LTE Band Data,0,0,65000,65000,1200,0,39000,40200
223,M00165,201802,(SONE)LTE Band Data,0,0,65000,65000,1200,0,39000,40200
224,M00165,201802,(SONE)LTE Band Data,0,0,65000,65000,1200,0,39000,40200
225,M00165,201802,(SONE)LTE Band Data,0,0,65000,65000,1200,0,39000,40200
226,M00165,201802,(SONE)LTE Band Data,0,0,65000,65000,1200,0,39000,40200
227,M00165,201802,(SONE)LTE Band Data,0,0,65000,65000,1200,0,39000,40200
228,M00165,201802,(SONE)LTE Band Data,0,0,65000,65000,1200,0,39000,40200
229,M00165,201802,(SONE)LTE Band Data,0,0,65000,65000,1200,0,39000,40200
230,M00165,201802,(SONE)3G USIM Only,1000,500,35000,36500,1200,14600,0,15800
231,M00165,201802,(SONE)3G USIM Only,1000,500,35000,36500,1200,14600,0,15800
232,M00165,201802,(SONE)3G USIM Only,1000,500,35000,36500,1200,14600,0,15800
251,M00185,201802,(CJHV)Basic,40000,600,3000,43600,1200,17440,0,18640
252,M00185,201802,(CJHV)Basic,40000,600,3000,43600,1200,17440,0,18640
253,M00185,201802,(CJHV)Basic,40000,600,3000,43600,1200,17440,0,18640
254,M00185,201802,(CJHV)Basic,40000,600,3000,43600,1200,17440,0,18640
255,M00185,201802,(CJHV)Basic,40000,600,3000,43600,1200,17440,0,18640
256,M00185,201802,(CJHV)3G USIM Only,1000,500,35000,36500,1200,14600,0,15800
257,M00185,201802,(CJHV)3G USIM Only,1000,500,35000,36500,1200,14600,0,15800
258,M00185,201802,(CJHV)3G USIM Only,1000,500,35000,36500,1200,14600,0,15800
259,M00185,201802,(CJHV)3G USIM Only,1000,500,35000,36500,1200,14600,0,15800
260,M00185,201802,(CJHV)3G USIM Only,1000,500,35000,36500,1200,14600,0,15800
261,M00185,201802,(CJHV)3G USIM Only,1000,500,35000,36500,1200,14600,0,15800
262,M00185,201802,(CJHV)3G USIM Only,1000,500,35000,36500,1200,14600,0,15800
263,M00185,201802,(CJHV)3G USIM Only,1000,500,35000,36500,1200,14600,0,15800
264,M00185,201802,(CJHV)3G USIM Only,1000,500,35000,36500,1200,14600,0,15800
265,M00185,201802,(CJHV)LTE Band Data,0,0,65000,65000,1200,0,39000,40200
266,M00185,201802,(CJHV)LTE Band Data,0,0,65000,65000,1200,0,39000,40200
267,M00185,201802,(CJHV)LTE Band Data,0,0,65000,65000,1200,0,39000,40200
268,M00185,201802,(CJHV)LTE Band Data,0,0,65000,65000,1200,0,39000,40200
269,M00185,201802,(CJHV)LTE Band Data,0,0,65000,65000,1200,0,39000,40200
270,M00185,201802,(CJHV)LTE Band Data,0,0,65000,65000,1200,0,39000,40200
271,M00185,201802,(CJHV)LTE Band Data,0,0,65000,65000,1200,0,39000,40200
272,M00185,201802,(CJHV)LTE Band Data,0,0,65000,65000,1200,0,39000,40200
273,M00185,201802,(CJHV)LTE Band Data,0,0,65000,65000,1200,0,39000,40200
274,M00185,201802,(CJHV)Basic,40000,600,3000,43600,1200,17440,0,18640
275,M00185,201802,(CJHV)Basic,40000,600,3000,43600,1200,17440,0,18640
276,M00185,201802,(CJHV)Basic,40000,600,3000,43600,1200,17440,0,18640
277,M00185,201802,(CJHV)3G USIM Only,1000,500,35000,36500,1200,14600,0,15800
278,M00185,201802,(CJHV)3G USIM Only,1000,500,35000,36500,1200,14600,0,15800
279,M00185,201802,(CJHV)3G USIM Only,1000,500,35000,36500,1200,14600,0,15800
280,M00185,201802,(CJHV)3G USIM Only,1000,500,35000,36500,1200,14600,0,15800
281,M00185,201802,(CJHV)3G USIM Only,1000,500,35000,36500,1200,14600,0,15800
282,M00185,201802,(CJHV)3G USIM Only,1000,500,35000,36500,1200,14600,0,15800
283,M00185,201802,(CJHV)3G USIM Only,1000,500,35000,36500,1200,14600,0,15800
284,M00185,201802,(CJHV)3G USIM Only,1000,500,35000,36500,1200,14600,0,15800
285,M00185,201802,(CJHV)LTE Band Data,0,0,65000,65000,1200,0,39000,40200
101,M00035,201801,(SKTL)Basic,40000,600,3500,44100,1200,17640,0,18840
102,M00035,201801,(SKTL)LTE Band Data,0,0,65000,65000,1200,0,39000,40200
103,M00035,201801,(SKTL)LTE Band Data,0,0,65000,65000,1200,0,39000,40200
104,M00035,201801,(SKTL)LTE Band Data,0,0,65000,65000,1200,0,39000,40200
105,M00035,201801,(SKTL)LTE Band Data,0,0,65000,65000,1200,0,39000,40200
106,M00035,201801,(SKTL)LTE Band Data,0,0,65000,65000,1200,0,39000,40200
107,M00035,201801,(SKTL)LTE Band Data,0,0,65000,65000,1200,0,39000,40200
108,M00035,201801,(SKTL)LTE Band Data,0,0,65000,65000,1200,0,39000,40200
109,M00035,201801,(SKTL)LTE Band Data,0,0,65000,65000,1200,0,39000,40200
110,M00035,201801,(SKTL)LTE Band Data,0,0,65000,65000,1200,0,39000,40200
111,M00035,201801,(SKTL)LTE Band Data,0,0,65000,65000,1200,0,39000,40200
112,M00035,201801,(SKTL)LTE Band Data,0,0,65000,65000,1200,0,39000,40200
113,M00035,201801,(SKTL)LTE Band Data,0,0,65000,65000,1200,0,39000,40200
114,M00035,201801,(SKTL)LTE Band Data,0,0,65000,65000,1200,0,39000,40200
115,M00035,201801,(SKTL)LTE Band Data,0,0,65000,65000,1200,0,39000,40200
116,M00035,201801,(SKTL)LTE Band Data,0,0,65000,65000,1200,0,39000,40200
117,M00035,201801,(SKTL)LTE Band Data,0,0,65000,65000,1200,0,39000,40200
118,M00035,201801,(SKTL)LTE Band Data,0,0,65000,65000,1200,0,39000,40200
119,M00035,201801,(SKTL)LTE Band Data,0,0,65000,65000,1200,0,39000,40200
120,M00035,201801,(SKTL)LTE Band Data,0,0,65000,65000,1200,0,39000,40200
121,M00035,201801,(SKTL)Basic,40000,600,3500,44100,1200,17640,0,18840
122,M00035,201801,(SKTL)3G USIM Only,1000,500,35000,36500,1200,14600,0,15800
123,M00035,201801,(SKTL)3G USIM Only,1000,500,35000,36500,1200,14600,0,15800
124,M00035,201801,(SKTL)3G USIM Only,1000,500,35000,36500,1200,14600,0,15800
125,M00035,201801,(SKTL)3G USIM Only,1000,500,35000,36500,1200,14600,0,15800
126,M00035,201801,(SKTL)LTE Band Data,0,0,65000,65000,1200,0,39000,40200
127,M00035,201801,(SKTL)LTE Band Data,0,0,65000,65000,1200,0,39000,40200
128,M00035,201801,(SKTL)LTE Band Data,0,0,65000,65000,1200,0,39000,40200
129,M00035,201801,(SKTL)LTE Band Data,0,0,65000,65000,1200,0,39000,40200
130,M00035,201801,(SKTL)LTE Band Data,0,0,65000,65000,1200,0,39000,40200
131,M00035,201801,(SKTL)LTE Band Data,0,0,65000,65000,1200,0,39000,40200
132,M00035,201801,(SKTL)LTE Band Data,0,0,65000,65000,1200,0,39000,40200
133,M00035,201801,(SKTL)LTE Band Data,0,0,65000,65000,1200,0,39000,40200
134,M00035,201801,(SKTL)LTE Band Data,0,0,65000,65000,1200,0,39000,40200
135,M00035,201801,(SKTL)LTE Band Data,0,0,65000,65000,1200,0,39000,40200
233,M00165,201801,(SONE)3G USIM Only,1000,500,35000,36500,1200,14600,0,15800
234,M00165,201801,(SONE)3G USIM Only,1000,500,35000,36500,1200,14600,0,15800
235,M00165,201801,(SONE)3G USIM Only,1000,500,35000,36500,1200,14600,0,15800
236,M00165,201801,(SONE)3G USIM Only,1000,500,35000,36500,1200,14600,0,15800
237,M00165,201801,(SONE)3G USIM Only,1000,500,35000,36500,1200,14600,0,15800
238,M00165,201801,(SONE)3G USIM Only,1000,500,35000,36500,1200,14600,0,15800
239,M00165,201801,(SONE)Basic,40000,600,1000,41600,1200,16640,0,17840
240,M00165,201801,(SONE)Basic,40000,600,1000,41600,1200,16640,0,17840
241,M00165,201801,(SONE)Basic,40000,600,1000,41600,1200,16640,0,17840
242,M00165,201801,(SONE)Basic,40000,600,1000,41600,1200,16640,0,17840
243,M00165,201801,(SONE)Basic,40000,600,1000,41600,1200,16640,0,17840
244,M00165,201801,(SONE)Basic,40000,600,1000,41600,1200,16640,0,17840
245,M00165,201801,(SONE)Basic,40000,600,1000,41600,1200,16640,0,17840
246,M00165,201801,(SONE)Basic,40000,600,1000,41600,1200,16640,0,17840
286,M00185,201801,(CJHV)LTE Band Data,0,0,65000,65000,1200,0,39000,40200
287,M00185,201801,(CJHV)LTE Band Data,0,0,65000,65000,1200,0,39000,40200
288,M00185,201801,(CJHV)LTE Band Data,0,0,65000,65000,1200,0,39000,40200
289,M00185,201801,(CJHV)LTE Band Data,0,0,65000,65000,1200,0,39000,40200
290,M00185,201801,(CJHV)LTE Band Data,0,0,65000,65000,1200,0,39000,40200
291,M00185,201801,(CJHV)LTE Band Data,0,0,65000,65000,1200,0,39000,40200
292,M00185,201801,(CJHV)LTE Band Data,0,0,65000,65000,1200,0,39000,40200
293,M00185,201801,(CJHV)LTE Band Data,0,0,65000,65000,1200,0,39000,40200
294,M00185,201801,(CJHV)LTE Band Data,0,0,65000,65000,1200,0,39000,40200
295,M00185,201801,(CJHV)LTE Band Data,0,0,65000,65000,1200,0,39000,40200
296,M00185,201801,(CJHV)LTE Band Data,0,0,65000,65000,1200,0,39000,40200
297,M00185,201801,(CJHV)LTE Band Data,0,0,65000,65000,1200,0,39000,40200
298,M00185,201801,(CJHV)LTE Band Data,0,0,65000,65000,1200,0,39000,40200
101,M00035,201802,(SKTL)Basic,40000,600,3500,44100,1200,17640,0,18840
102,M00035,201802,(SKTL)LTE Band Data,0,0,65000,65000,1200,0,39000,40200
103,M00035,201802,(SKTL)LTE Band Data,0,0,65000,65000,1200,0,39000,40200
104,M00035,201802,(SKTL)LTE Band Data,0,0,65000,65000,1200,0,39000,40200
105,M00035,201802,(SKTL)LTE Band Data,0,0,65000,65000,1200,0,39000,40200
106,M00035,201802,(SKTL)LTE Band Data,0,0,65000,65000,1200,0,39000,40200
107,M00035,201802,(SKTL)LTE Band Data,0,0,65000,65000,1200,0,39000,40200
108,M00035,201802,(SKTL)LTE Band Data,0,0,65000,65000,1200,0,39000,40200
109,M00035,201802,(SKTL)LTE Band Data,0,0,65000,65000,1200,0,39000,40200
110,M00035,201802,(SKTL)LTE Band Data,0,0,65000,65000,1200,0,39000,40200
111,M00035,201802,(SKTL)LTE Band Data,0,0,65000,65000,1200,0,39000,40200
112,M00035,201802,(SKTL)LTE Band Data,0,0,65000,65000,1200,0,39000,40200
113,M00035,201802,(SKTL)LTE Band Data,0,0,65000,65000,1200,0,39000,40200
114,M00035,201802,(SKTL)LTE Band Data,0,0,65000,65000,1200,0,39000,40200
115,M00035,201802,(SKTL)LTE Band Data,0,0,65000,65000,1200,0,39000,40200
116,M00035,201802,(SKTL)LTE Band Data,0,0,65000,65000,1200,0,39000,40200
117,M00035,201802,(SKTL)LTE Band Data,0,0,65000,65000,1200,0,39000,40200
118,M00035,201802,(SKTL)LTE Band Data,0,0,65000,65000,1200,0,39000,40200
119,M00035,201802,(SKTL)LTE Band Data,0,0,65000,65000,1200,0,39000,40200
120,M00035,201802,(SKTL)LTE Band Data,0,0,65000,65000,1200,0,39000,40200
121,M00035,201802,(SKTL)Basic,40000,600,3500,44100,1200,17640,0,18840
122,M00035,201802,(SKTL)3G USIM Only,1000,500,35000,36500,1200,14600,0,15800
123,M00035,201802,(SKTL)3G USIM Only,1000,500,35000,36500,1200,14600,0,15800
124,M00035,201802,(SKTL)3G USIM Only,1000,500,35000,36500,1200,14600,0,15800
125,M00035,201802,(SKTL)3G USIM Only,1000,500,35000,36500,1200,14600,0,15800
126,M00035,201802,(SKTL)LTE Band Data,0,0,65000,65000,1200,0,39000,40200
127,M00035,201802,(SKTL)LTE Band Data,0,0,65000,65000,1200,0,39000,40200
128,M00035,201802,(SKTL)LTE Band Data,0,0,65000,65000,1200,0,39000,40200
129,M00035,201802,(SKTL)LTE Band Data,0,0,65000,65000,1200,0,39000,40200
130,M00035,201802,(SKTL)LTE Band Data,0,0,65000,65000,1200,0,39000,40200
131,M00035,201802,(SKTL)LTE Band Data,0,0,65000,65000,1200,0,39000,40200
132,M00035,201802,(SKTL)LTE Band Data,0,0,65000,65000,1200,0,39000,40200
133,M00035,201802,(SKTL)LTE Band Data,0,0,65000,65000,1200,0,39000,40200
134,M00035,201802,(SKTL)LTE Band Data,0,0,65000,65000,1200,0,39000,40200
135,M00035,201802,(SKTL)LTE Band Data,0,0,65000,65000,1200,0,39000,40200
233,M00165,201802,(SONE)3G USIM Only,1000,500,35000,36500,1200,14600,0,15800
234,M00165,201802,(SONE)3G USIM Only,1000,500,35000,36500,1200,14600,0,15800
235,M00165,201802,(SONE)3G USIM Only,1000,500,35000,36500,1200,14600,0,15800
236,M00165,201802,(SONE)3G USIM Only,1000,500,35000,36500,1200,14600,0,15800
237,M00165,201802,(SONE)3G USIM Only,1000,500,35000,36500,1200,14600,0,15800
238,M00165,201802,(SONE)3G USIM Only,1000,500,35000,36500,1200,14600,0,15800
239,M00165,201802,(SONE)Basic,40000,600,1000,41600,1200,16640,0,17840
240,M00165,201802,(SONE)Basic,40000,600,1000,41600,1200,16640,0,17840
241,M00165,201802,(SONE)Basic,40000,600,1000,41600,1200,16640,0,17840
242,M00165,201802,(SONE)Basic,40000,600,1000,41600,1200,16640,0,17840
243,M00165,201802,(SONE)Basic,40000,600,1000,41600,1200,16640,0,17840
244,M00165,201802,(SONE)Basic,40000,600,1000,41600,1200,16640,0,17840
245,M00165,201802,(SONE)Basic,40000,600,1000,41600,1200,16640,0,17840
246,M00165,201802,(SONE)Basic,40000,600,1000,41600,1200,16640,0,17840
286,M00185,201802,(CJHV)LTE Band Data,0,0,65000,65000,1200,0,39000,40200
287,M00185,201802,(CJHV)LTE Band Data,0,0,65000,65000,1200,0,39000,40200
288,M00185,201802,(CJHV)LTE Band Data,0,0,65000,65000,1200,0,39000,40200
289,M00185,201802,(CJHV)LTE Band Data,0,0,65000,65000,1200,0,39000,40200
290,M00185,201802,(CJHV)LTE Band Data,0,0,65000,65000,1200,0,39000,40200
291,M00185,201802,(CJHV)LTE Band Data,0,0,65000,65000,1200,0,39000,40200
292,M00185,201802,(CJHV)LTE Band Data,0,0,65000,65000,1200,0,39000,40200
293,M00185,201802,(CJHV)LTE Band Data,0,0,65000,65000,1200,0,39000,40200
294,M00185,201802,(CJHV)LTE Band Data,0,0,65000,65000,1200,0,39000,40200
295,M00185,201802,(CJHV)LTE Band Data,0,0,65000,65000,1200,0,39000,40200
296,M00185,201802,(CJHV)LTE Band Data,0,0,65000,65000,1200,0,39000,40200
297,M00185,201802,(CJHV)LTE Band Data,0,0,65000,65000,1200,0,39000,40200
298,M00185,201802,(CJHV)LTE Band Data,0,0,65000,65000,1200,0,39000,40200
136,M00035,201802,(SKTL)LTE Band Data,0,0,65000,65000,1200,0,39000,40200
137,M00035,201802,(SKTL)LTE Band Data,0,0,65000,65000,1200,0,39000,40200
138,M00035,201802,(SKTL)LTE Band Data,0,0,65000,65000,1200,0,39000,40200
139,M00035,201802,(SKTL)LTE Band Data,0,0,65000,65000,1200,0,39000,40200
140,M00035,201802,(SKTL)LTE Band Data,0,0,65000,65000,1200,0,39000,40200
141,M00035,201802,(SKTL)LTE Band Data,0,0,65000,65000,1200,0,39000,40200
142,M00035,201802,(SKTL)LTE Band Data,0,0,65000,65000,1200,0,39000,40200
143,M00035,201802,(SKTL)Basic,40000,600,3500,44100,1200,17640,0,18840
144,M00035,201802,(SKTL)Basic,40000,600,3500,44100,1200,17640,0,18840
145,M00035,201802,(SKTL)Basic,40000,600,3500,44100,1200,17640,0,18840
146,M00035,201802,(SKTL)Basic,40000,600,3500,44100,1200,17640,0,18840
147,M00035,201802,(SKTL)Basic,40000,600,3500,44100,1200,17640,0,18840
148,M00035,201802,(SKTL)3G USIM Only,1000,500,35000,36500,1200,14600,0,15800
149,M00035,201802,(SKTL)3G USIM Only,1000,500,35000,36500,1200,14600,0,15800
150,M00035,201802,(SKTL)LTE Band Data,0,0,65000,65000,1200,0,39000,40200
247,M00165,201802,(SONE)Basic,40000,600,1000,41600,1200,16640,0,17840
248,M00165,201802,(SONE)Basic,40000,600,1000,41600,1200,16640,0,17840
249,M00165,201802,(SONE)Basic,40000,600,1000,41600,1200,16640,0,17840
250,M00165,201802,(SONE)Basic,40000,600,1000,41600,1200,16640,0,17840
299,M00185,201802,(CJHV)Basic,40000,600,3000,43600,1200,17440,0,18640
300,M00185,201802,(CJHV)Basic,40000,600,3000,43600,1200,17440,0,18640
